c:\GP-WearablesAnalysis\examples\logresults.csv,pelvis,STSR,DTW,LLPU_P01,0.9808877608071573,13.142430024952063
c:\GP-WearablesAnalysis\examples\logresults.csv,pelvis,STSR,DTW,LLPU_P01,0.9537071010703392,13.187114310359332
c:\GP-WearablesAnalysis\examples\logresults.csv,pelvis,STSR,DTW,LLPU_P01,0.9295231012120263,13.393186444801525
c:\GP-WearablesAnalysis\examples\logresults.csv,pelvis,STSR,DTW,LLPU_P01,0.9030373228830471,16.035821785396113
c:\GP-WearablesAnalysis\examples\logresults.csv,pelvis,STSR,MDP,LLPU_P01,0.9808877608071573,1.0361862210747426
c:\GP-WearablesAnalysis\examples\logresults.csv,pelvis,STSR,MDP,LLPU_P01,0.9537071010703392,1.171634471593066
c:\GP-WearablesAnalysis\examples\logresults.csv,pelvis,STSR,MDP,LLPU_P01,0.9295231012120263,1.3431034491506422
c:\GP-WearablesAnalysis\examples\logresults.csv,pelvis,STSR,MDP,LLPU_P01,0.9030373228830471,1.6363969771980387
c:\GP-WearablesAnalysis\examples\logresults.csv,upper,STSR,DTW,LLPU_P01,0.9811548150637726,56.81890484240404
c:\GP-WearablesAnalysis\examples\logresults.csv,upper,STSR,DTW,LLPU_P01,0.9541693477005517,58.897647445447966
c:\GP-WearablesAnalysis\examples\logresults.csv,upper,STSR,DTW,LLPU_P01,0.9307319602779015,59.66007012294649
c:\GP-WearablesAnalysis\examples\logresults.csv,upper,STSR,DTW,LLPU_P01,0.9034088784205326,66.75339266454259
c:\GP-WearablesAnalysis\examples\logresults.csv,upper,STSR,MDP,LLPU_P01,0.9811548150637726,5.702245534595364
c:\GP-WearablesAnalysis\examples\logresults.csv,upper,STSR,MDP,LLPU_P01,0.9541693477005517,5.909673500018496
c:\GP-WearablesAnalysis\examples\logresults.csv,upper,STSR,MDP,LLPU_P01,0.9307319602779015,5.810172122048689
c:\GP-WearablesAnalysis\examples\logresults.csv,upper,STSR,MDP,LLPU_P01,0.9034088784205326,9.41174959838287
c:\GP-WearablesAnalysis\examples\logresults.csv,lower,STSR,DTW,LLPU_P01,0.9825646042836464,69.55151654836943
c:\GP-WearablesAnalysis\examples\logresults.csv,lower,STSR,DTW,LLPU_P01,0.9555977244875119,71.7549221324746
c:\GP-WearablesAnalysis\examples\logresults.csv,lower,STSR,DTW,LLPU_P01,0.929957650169324,73.80772590170966
c:\GP-WearablesAnalysis\examples\logresults.csv,lower,STSR,DTW,LLPU_P01,0.904626857067312,83.50785490880763
c:\GP-WearablesAnalysis\examples\logresults.csv,lower,STSR,MDP,LLPU_P01,0.9825646042836464,7.023729432608045
c:\GP-WearablesAnalysis\examples\logresults.csv,lower,STSR,MDP,LLPU_P01,0.9555977244875119,7.29543037336454
c:\GP-WearablesAnalysis\examples\logresults.csv,lower,STSR,MDP,LLPU_P01,0.929957650169324,7.3393147506747844
c:\GP-WearablesAnalysis\examples\logresults.csv,lower,STSR,MDP,LLPU_P01,0.904626857067312,11.227934064148283
c:\GP-WearablesAnalysis\examples\logresults.csv,pelvis,STSR,DTW,LLPU_P02,1.112906822699018,16.822240523395486
c:\GP-WearablesAnalysis\examples\logresults.csv,pelvis,STSR,DTW,LLPU_P02,1.0821214661879197,16.565024958879484
c:\GP-WearablesAnalysis\examples\logresults.csv,pelvis,STSR,DTW,LLPU_P02,1.0515395312229379,16.35431745555125
c:\GP-WearablesAnalysis\examples\logresults.csv,pelvis,STSR,DTW,LLPU_P02,1.0247220581188763,16.22326947215928
c:\GP-WearablesAnalysis\examples\logresults.csv,pelvis,STSR,MDP,LLPU_P02,1.112906822699018,1.5131183373630563
c:\GP-WearablesAnalysis\examples\logresults.csv,pelvis,STSR,MDP,LLPU_P02,1.0821214661879197,1.3025241430784291
c:\GP-WearablesAnalysis\examples\logresults.csv,pelvis,STSR,MDP,LLPU_P02,1.0515395312229379,1.2980195947978024
c:\GP-WearablesAnalysis\examples\logresults.csv,pelvis,STSR,MDP,LLPU_P02,1.0247220581188763,1.4297033169991198
c:\GP-WearablesAnalysis\examples\logresults.csv,upper,STSR,DTW,LLPU_P02,1.1121940487505946,60.090768576248216
c:\GP-WearablesAnalysis\examples\logresults.csv,upper,STSR,DTW,LLPU_P02,1.0815605329770448,57.715090489563174
c:\GP-WearablesAnalysis\examples\logresults.csv,upper,STSR,DTW,LLPU_P02,1.0523309802645446,58.13339735056148
c:\GP-WearablesAnalysis\examples\logresults.csv,upper,STSR,DTW,LLPU_P02,1.023987021992055,58.31218430375289
c:\GP-WearablesAnalysis\examples\logresults.csv,upper,STSR,MDP,LLPU_P02,1.1121940487505946,5.8325659841358375
c:\GP-WearablesAnalysis\examples\logresults.csv,upper,STSR,MDP,LLPU_P02,1.0815605329770448,5.425651723576939
c:\GP-WearablesAnalysis\examples\logresults.csv,upper,STSR,MDP,LLPU_P02,1.0523309802645446,5.464983637274323
c:\GP-WearablesAnalysis\examples\logresults.csv,upper,STSR,MDP,LLPU_P02,1.023987021992055,6.0826319362688706
c:\GP-WearablesAnalysis\examples\logresults.csv,lower,STSR,DTW,LLPU_P02,1.1125825600091872,48.50322123872311
c:\GP-WearablesAnalysis\examples\logresults.csv,lower,STSR,DTW,LLPU_P02,1.081794107526744,48.32749370801193
c:\GP-WearablesAnalysis\examples\logresults.csv,lower,STSR,DTW,LLPU_P02,1.052403844391857,48.244995316802836
c:\GP-WearablesAnalysis\examples\logresults.csv,lower,STSR,DTW,LLPU_P02,1.0242649443166272,49.077662293883925
c:\GP-WearablesAnalysis\examples\logresults.csv,lower,STSR,MDP,LLPU_P02,1.1125825600091872,4.666929669812665
c:\GP-WearablesAnalysis\examples\logresults.csv,lower,STSR,MDP,LLPU_P02,1.081794107526744,4.276911427811428
c:\GP-WearablesAnalysis\examples\logresults.csv,lower,STSR,MDP,LLPU_P02,1.052403844391857,4.264591334578267
c:\GP-WearablesAnalysis\examples\logresults.csv,lower,STSR,MDP,LLPU_P02,1.0242649443166272,4.262116913600969
c:\GP-WearablesAnalysis\examples\logresults.csv,pelvis,STSR,DTW,LLPU_P03,1.1144523669336117,10.148501569726566
c:\GP-WearablesAnalysis\examples\logresults.csv,pelvis,STSR,DTW,LLPU_P03,1.0876303767896742,10.270432476354287
c:\GP-WearablesAnalysis\examples\logresults.csv,pelvis,STSR,DTW,LLPU_P03,1.0563527860947342,10.271359760912874
c:\GP-WearablesAnalysis\examples\logresults.csv,pelvis,STSR,DTW,LLPU_P03,1.022220369622373,10.33258231097074
c:\GP-WearablesAnalysis\examples\logresults.csv,pelvis,STSR,MDP,LLPU_P03,1.1144523669336117,0.9771252084273897
c:\GP-WearablesAnalysis\examples\logresults.csv,pelvis,STSR,MDP,LLPU_P03,1.0876303767896742,0.9796628484283204
c:\GP-WearablesAnalysis\examples\logresults.csv,pelvis,STSR,MDP,LLPU_P03,1.0563527860947342,0.9384470572510787
c:\GP-WearablesAnalysis\examples\logresults.csv,pelvis,STSR,MDP,LLPU_P03,1.022220369622373,0.8943597260764125
c:\GP-WearablesAnalysis\examples\logresults.csv,upper,STSR,DTW,LLPU_P03,1.115123055042208,39.22949692410203
c:\GP-WearablesAnalysis\examples\logresults.csv,upper,STSR,DTW,LLPU_P03,1.0865007644337987,39.825030662908695
c:\GP-WearablesAnalysis\examples\logresults.csv,upper,STSR,DTW,LLPU_P03,1.0548415769237138,38.8746614364676
c:\GP-WearablesAnalysis\examples\logresults.csv,upper,STSR,DTW,LLPU_P03,1.0246702302799047,40.345766477823375
c:\GP-WearablesAnalysis\examples\logresults.csv,upper,STSR,MDP,LLPU_P03,1.115123055042208,3.66577936091577
c:\GP-WearablesAnalysis\examples\logresults.csv,upper,STSR,MDP,LLPU_P03,1.0865007644337987,3.6519214522757646
c:\GP-WearablesAnalysis\examples\logresults.csv,upper,STSR,MDP,LLPU_P03,1.0548415769237138,3.6555016514740752
c:\GP-WearablesAnalysis\examples\logresults.csv,upper,STSR,MDP,LLPU_P03,1.0246702302799047,3.6220338839912563
c:\GP-WearablesAnalysis\examples\logresults.csv,lower,STSR,DTW,LLPU_P03,1.1136057777521424,34.64151649200002
c:\GP-WearablesAnalysis\examples\logresults.csv,lower,STSR,DTW,LLPU_P03,1.088427070520157,35.510872987788495
c:\GP-WearablesAnalysis\examples\logresults.csv,lower,STSR,DTW,LLPU_P03,1.0560252249881683,36.26582834149358
c:\GP-WearablesAnalysis\examples\logresults.csv,lower,STSR,DTW,LLPU_P03,1.023043490023869,36.13992678879346
c:\GP-WearablesAnalysis\examples\logresults.csv,lower,STSR,MDP,LLPU_P03,1.1136057777521424,3.1448630844022873
c:\GP-WearablesAnalysis\examples\logresults.csv,lower,STSR,MDP,LLPU_P03,1.088427070520157,2.831986758326301
c:\GP-WearablesAnalysis\examples\logresults.csv,lower,STSR,MDP,LLPU_P03,1.0560252249881683,3.0453755770832673
c:\GP-WearablesAnalysis\examples\logresults.csv,lower,STSR,MDP,LLPU_P03,1.023043490023869,3.109939311282405
c:\GP-WearablesAnalysis\examples\logresults.csv,pelvis,STSR,DTW,LLPU_P04,1.0638062062492144,13.031786029833697
c:\GP-WearablesAnalysis\examples\logresults.csv,pelvis,STSR,DTW,LLPU_P04,1.0916885447746785,13.100036727649357
c:\GP-WearablesAnalysis\examples\logresults.csv,pelvis,STSR,DTW,LLPU_P04,1.1235146592072136,13.353010017278327
c:\GP-WearablesAnalysis\examples\logresults.csv,pelvis,STSR,DTW,LLPU_P04,1.1554616135159648,14.183591768636441
c:\GP-WearablesAnalysis\examples\logresults.csv,pelvis,STSR,MDP,LLPU_P04,1.0638062062492144,1.2295726969727228
c:\GP-WearablesAnalysis\examples\logresults.csv,pelvis,STSR,MDP,LLPU_P04,1.0916885447746785,1.1862045105310597
c:\GP-WearablesAnalysis\examples\logresults.csv,pelvis,STSR,MDP,LLPU_P04,1.1235146592072136,1.1858152341324162
c:\GP-WearablesAnalysis\examples\logresults.csv,pelvis,STSR,MDP,LLPU_P04,1.1554616135159648,1.1874510178929667
c:\GP-WearablesAnalysis\examples\logresults.csv,upper,STSR,DTW,LLPU_P04,1.0628753272938065,63.63924845033558
c:\GP-WearablesAnalysis\examples\logresults.csv,upper,STSR,DTW,LLPU_P04,1.0909471190943867,64.76038986356643
c:\GP-WearablesAnalysis\examples\logresults.csv,upper,STSR,DTW,LLPU_P04,1.1227332306885203,66.28747901050471
c:\GP-WearablesAnalysis\examples\logresults.csv,upper,STSR,DTW,LLPU_P04,1.1545449819684266,69.65260373914958
c:\GP-WearablesAnalysis\examples\logresults.csv,upper,STSR,MDP,LLPU_P04,1.0628753272938065,5.309392388133872
c:\GP-WearablesAnalysis\examples\logresults.csv,upper,STSR,MDP,LLPU_P04,1.0909471190943867,5.293421193851037
c:\GP-WearablesAnalysis\examples\logresults.csv,upper,STSR,MDP,LLPU_P04,1.1227332306885203,5.598558141545547
c:\GP-WearablesAnalysis\examples\logresults.csv,upper,STSR,MDP,LLPU_P04,1.1545449819684266,5.735058499505542
c:\GP-WearablesAnalysis\examples\logresults.csv,lower,STSR,DTW,LLPU_P04,1.1540539806071834,52.36807117177724
c:\GP-WearablesAnalysis\examples\logresults.csv,lower,STSR,DTW,LLPU_P04,1.1218241304459242,50.52297624773346
c:\GP-WearablesAnalysis\examples\logresults.csv,lower,STSR,DTW,LLPU_P04,1.0913414788598859,52.14053084297473
c:\GP-WearablesAnalysis\examples\logresults.csv,lower,STSR,DTW,LLPU_P04,1.0621678287540828,53.60312831493544
c:\GP-WearablesAnalysis\examples\logresults.csv,lower,STSR,MDP,LLPU_P04,1.1540539806071834,3.848604635963276
c:\GP-WearablesAnalysis\examples\logresults.csv,lower,STSR,MDP,LLPU_P04,1.1218241304459242,3.7014549488071538
c:\GP-WearablesAnalysis\examples\logresults.csv,lower,STSR,MDP,LLPU_P04,1.0913414788598859,3.6836314694067496
c:\GP-WearablesAnalysis\examples\logresults.csv,lower,STSR,MDP,LLPU_P04,1.0621678287540828,4.201189221138958
c:\GP-WearablesAnalysis\examples\logresults.csv,pelvis,STSR,DTW,LLPU_P05,1.0816797727708818,18.594445071282266
c:\GP-WearablesAnalysis\examples\logresults.csv,pelvis,STSR,DTW,LLPU_P05,1.0505082986067118,18.241928494347455
c:\GP-WearablesAnalysis\examples\logresults.csv,pelvis,STSR,DTW,LLPU_P05,1.023851536790621,18.40479111397766
c:\GP-WearablesAnalysis\examples\logresults.csv,pelvis,STSR,MDP,LLPU_P05,1.0816797727708818,1.5590045471861322
c:\GP-WearablesAnalysis\examples\logresults.csv,pelvis,STSR,MDP,LLPU_P05,1.0505082986067118,1.5176925944461948
c:\GP-WearablesAnalysis\examples\logresults.csv,pelvis,STSR,MDP,LLPU_P05,1.023851536790621,1.534521670022861
c:\GP-WearablesAnalysis\examples\logresults.csv,upper,STSR,DTW,LLPU_P05,1.0831242678754678,65.05742471105958
c:\GP-WearablesAnalysis\examples\logresults.csv,upper,STSR,DTW,LLPU_P05,1.0513887694292643,64.21122908682395
c:\GP-WearablesAnalysis\examples\logresults.csv,upper,STSR,DTW,LLPU_P05,1.022839115316347,65.44947143163316
c:\GP-WearablesAnalysis\examples\logresults.csv,upper,STSR,MDP,LLPU_P05,1.0831242678754678,5.4468563088727135
c:\GP-WearablesAnalysis\examples\logresults.csv,upper,STSR,MDP,LLPU_P05,1.0513887694292643,5.399457452732106
c:\GP-WearablesAnalysis\examples\logresults.csv,upper,STSR,MDP,LLPU_P05,1.022839115316347,5.6405710023601285
c:\GP-WearablesAnalysis\examples\logresults.csv,lower,STSR,DTW,LLPU_P05,1.0816801162805931,34.7918255111623
c:\GP-WearablesAnalysis\examples\logresults.csv,lower,STSR,DTW,LLPU_P05,1.050980812594834,36.232780991174295
c:\GP-WearablesAnalysis\examples\logresults.csv,lower,STSR,DTW,LLPU_P05,1.0223755419770384,37.70189498545013
c:\GP-WearablesAnalysis\examples\logresults.csv,lower,STSR,MDP,LLPU_P05,1.0816801162805931,3.663695896341169
c:\GP-WearablesAnalysis\examples\logresults.csv,lower,STSR,MDP,LLPU_P05,1.050980812594834,3.7653358034998416
c:\GP-WearablesAnalysis\examples\logresults.csv,lower,STSR,MDP,LLPU_P05,1.0223755419770384,3.6577755395645806
c:\GP-WearablesAnalysis\examples\logresults.csv,pelvis,STSR,DTW,LLPU_P06,1.154807268417512,17.510851652896786
c:\GP-WearablesAnalysis\examples\logresults.csv,pelvis,STSR,DTW,LLPU_P06,1.1232705874747035,17.681151734191857
c:\GP-WearablesAnalysis\examples\logresults.csv,pelvis,STSR,DTW,LLPU_P06,1.0908921605183088,18.029076465610054
c:\GP-WearablesAnalysis\examples\logresults.csv,pelvis,STSR,DTW,LLPU_P06,1.0631540872413483,17.85754135927871
c:\GP-WearablesAnalysis\examples\logresults.csv,pelvis,STSR,MDP,LLPU_P06,1.154807268417512,1.501299382342902
c:\GP-WearablesAnalysis\examples\logresults.csv,pelvis,STSR,MDP,LLPU_P06,1.1232705874747035,1.4313872685601814
c:\GP-WearablesAnalysis\examples\logresults.csv,pelvis,STSR,MDP,LLPU_P06,1.0908921605183088,1.6228541666055327
c:\GP-WearablesAnalysis\examples\logresults.csv,pelvis,STSR,MDP,LLPU_P06,1.0631540872413483,1.4819761605791961
c:\GP-WearablesAnalysis\examples\logresults.csv,upper,STSR,DTW,LLPU_P06,1.1554664652953388,87.84440781941811
c:\GP-WearablesAnalysis\examples\logresults.csv,upper,STSR,DTW,LLPU_P06,1.1229786108196038,84.36156137198884
c:\GP-WearablesAnalysis\examples\logresults.csv,upper,STSR,DTW,LLPU_P06,1.092647675936661,87.61003271929744
c:\GP-WearablesAnalysis\examples\logresults.csv,upper,STSR,DTW,LLPU_P06,1.0631308856409936,85.45418553481771
c:\GP-WearablesAnalysis\examples\logresults.csv,upper,STSR,MDP,LLPU_P06,1.1554664652953388,7.254276764075257
c:\GP-WearablesAnalysis\examples\logresults.csv,upper,STSR,MDP,LLPU_P06,1.1229786108196038,6.8419145727316595
c:\GP-WearablesAnalysis\examples\logresults.csv,upper,STSR,MDP,LLPU_P06,1.092647675936661,7.7495979317193395
c:\GP-WearablesAnalysis\examples\logresults.csv,upper,STSR,MDP,LLPU_P06,1.0631308856409936,6.819962226986802
c:\GP-WearablesAnalysis\examples\logresults.csv,lower,STSR,DTW,LLPU_P06,1.1566762919008042,71.99228950177006
c:\GP-WearablesAnalysis\examples\logresults.csv,lower,STSR,DTW,LLPU_P06,1.1235977321897719,70.30072957553375
c:\GP-WearablesAnalysis\examples\logresults.csv,lower,STSR,DTW,LLPU_P06,1.0926271060013264,66.77666216629436
c:\GP-WearablesAnalysis\examples\logresults.csv,lower,STSR,DTW,LLPU_P06,1.0637496522834367,69.21815643272679
c:\GP-WearablesAnalysis\examples\logresults.csv,lower,STSR,MDP,LLPU_P06,1.1566762919008042,5.183307267491175
c:\GP-WearablesAnalysis\examples\logresults.csv,lower,STSR,MDP,LLPU_P06,1.1235977321897719,4.68249266899635
c:\GP-WearablesAnalysis\examples\logresults.csv,lower,STSR,MDP,LLPU_P06,1.0926271060013264,4.955866544466633
c:\GP-WearablesAnalysis\examples\logresults.csv,lower,STSR,MDP,LLPU_P06,1.0637496522834367,4.992291711908796
c:\GP-WearablesAnalysis\examples\logresults.csv,pelvis,STSR,DTW,LLPU_P08,0.9684573845058163,11.803404708616812
c:\GP-WearablesAnalysis\examples\logresults.csv,pelvis,STSR,DTW,LLPU_P08,0.9415250952910277,11.706570189389947
c:\GP-WearablesAnalysis\examples\logresults.csv,pelvis,STSR,DTW,LLPU_P08,0.9170881583785069,11.707630002765166
c:\GP-WearablesAnalysis\examples\logresults.csv,pelvis,STSR,MDP,LLPU_P08,0.9684573845058163,1.0468565032700738
c:\GP-WearablesAnalysis\examples\logresults.csv,pelvis,STSR,MDP,LLPU_P08,0.9415250952910277,1.0452268410565675
c:\GP-WearablesAnalysis\examples\logresults.csv,pelvis,STSR,MDP,LLPU_P08,0.9170881583785069,1.0724271069551512
c:\GP-WearablesAnalysis\examples\logresults.csv,upper,STSR,DTW,LLPU_P08,0.9680692456036997,46.268051785238775
c:\GP-WearablesAnalysis\examples\logresults.csv,upper,STSR,DTW,LLPU_P08,0.9415489258518646,46.137221196877476
c:\GP-WearablesAnalysis\examples\logresults.csv,upper,STSR,DTW,LLPU_P08,0.916537131140921,47.21130490011842
c:\GP-WearablesAnalysis\examples\logresults.csv,upper,STSR,MDP,LLPU_P08,0.9680692456036997,4.919562748153399
c:\GP-WearablesAnalysis\examples\logresults.csv,upper,STSR,MDP,LLPU_P08,0.9415489258518646,4.779884749467324
c:\GP-WearablesAnalysis\examples\logresults.csv,upper,STSR,MDP,LLPU_P08,0.916537131140921,4.7886376497947305
c:\GP-WearablesAnalysis\examples\logresults.csv,lower,STSR,DTW,LLPU_P08,0.9684320535694417,44.49194539351279
c:\GP-WearablesAnalysis\examples\logresults.csv,lower,STSR,DTW,LLPU_P08,0.941695581639819,42.74844587083168
c:\GP-WearablesAnalysis\examples\logresults.csv,lower,STSR,DTW,LLPU_P08,0.9164338663204841,43.8925947276693
c:\GP-WearablesAnalysis\examples\logresults.csv,lower,STSR,MDP,LLPU_P08,0.9684320535694417,3.7296639144431323
c:\GP-WearablesAnalysis\examples\logresults.csv,lower,STSR,MDP,LLPU_P08,0.941695581639819,3.6934224915924974
c:\GP-WearablesAnalysis\examples\logresults.csv,lower,STSR,MDP,LLPU_P08,0.9164338663204841,3.769216737176162
c:\GP-WearablesAnalysis\examples\logresults.csv,pelvis,STSR,DTW,LLPU_P09,0.9753971648963602,12.448913332260839
c:\GP-WearablesAnalysis\examples\logresults.csv,pelvis,STSR,DTW,LLPU_P09,0.9475363813077367,12.703293106749205
c:\GP-WearablesAnalysis\examples\logresults.csv,pelvis,STSR,DTW,LLPU_P09,0.9235243427469763,13.258865269548537
c:\GP-WearablesAnalysis\examples\logresults.csv,pelvis,STSR,MDP,LLPU_P09,0.9753971648963602,1.1079927987107068
c:\GP-WearablesAnalysis\examples\logresults.csv,pelvis,STSR,MDP,LLPU_P09,0.9475363813077367,1.167201545294642
c:\GP-WearablesAnalysis\examples\logresults.csv,pelvis,STSR,MDP,LLPU_P09,0.9235243427469763,1.236578245911858
c:\GP-WearablesAnalysis\examples\logresults.csv,upper,STSR,DTW,LLPU_P09,0.9751479213610635,47.44620406800763
c:\GP-WearablesAnalysis\examples\logresults.csv,upper,STSR,DTW,LLPU_P09,0.9474174981942379,46.95851072854471
c:\GP-WearablesAnalysis\examples\logresults.csv,upper,STSR,DTW,LLPU_P09,0.9231864195897824,48.47117004311735
c:\GP-WearablesAnalysis\examples\logresults.csv,upper,STSR,MDP,LLPU_P09,0.9751479213610635,5.5308604401454025
c:\GP-WearablesAnalysis\examples\logresults.csv,upper,STSR,MDP,LLPU_P09,0.9474174981942379,5.228702972699202
c:\GP-WearablesAnalysis\examples\logresults.csv,upper,STSR,MDP,LLPU_P09,0.9231864195897824,5.693502610321004
c:\GP-WearablesAnalysis\examples\logresults.csv,lower,STSR,DTW,LLPU_P09,0.9747596116054217,101.86309645384088
c:\GP-WearablesAnalysis\examples\logresults.csv,lower,STSR,DTW,LLPU_P09,0.9470568168541292,98.65004356741386
c:\GP-WearablesAnalysis\examples\logresults.csv,lower,STSR,DTW,LLPU_P09,0.9228266089489174,101.5462410216328
c:\GP-WearablesAnalysis\examples\logresults.csv,lower,STSR,MDP,LLPU_P09,0.9747596116054217,7.393855112385673
c:\GP-WearablesAnalysis\examples\logresults.csv,lower,STSR,MDP,LLPU_P09,0.9470568168541292,7.783226833638107
c:\GP-WearablesAnalysis\examples\logresults.csv,lower,STSR,MDP,LLPU_P09,0.9228266089489174,7.532324036805478
c:\GP-WearablesAnalysis\examples\logresults.csv,pelvis,STSR,DTW,LLPU_P10,1.0367028142158423,11.319357602871893
c:\GP-WearablesAnalysis\examples\logresults.csv,pelvis,STSR,DTW,LLPU_P10,1.0072395682274715,12.030842413459206
c:\GP-WearablesAnalysis\examples\logresults.csv,pelvis,STSR,DTW,LLPU_P10,0.9789161426162215,12.11707713674548
c:\GP-WearablesAnalysis\examples\logresults.csv,pelvis,STSR,MDP,LLPU_P10,1.0367028142158423,0.9091379178295944
c:\GP-WearablesAnalysis\examples\logresults.csv,pelvis,STSR,MDP,LLPU_P10,1.0072395682274715,1.059461466325017
c:\GP-WearablesAnalysis\examples\logresults.csv,pelvis,STSR,MDP,LLPU_P10,0.9789161426162215,0.9235739257899541
c:\GP-WearablesAnalysis\examples\logresults.csv,upper,STSR,DTW,LLPU_P10,1.0371165094252996,34.25416682630901
c:\GP-WearablesAnalysis\examples\logresults.csv,upper,STSR,DTW,LLPU_P10,1.0088067159095386,35.38864292886844
c:\GP-WearablesAnalysis\examples\logresults.csv,upper,STSR,DTW,LLPU_P10,0.9788435895381106,37.37704851575824
c:\GP-WearablesAnalysis\examples\logresults.csv,upper,STSR,MDP,LLPU_P10,1.0371165094252996,3.460580070437227
c:\GP-WearablesAnalysis\examples\logresults.csv,upper,STSR,MDP,LLPU_P10,1.0088067159095386,3.2990353087695876
c:\GP-WearablesAnalysis\examples\logresults.csv,upper,STSR,MDP,LLPU_P10,0.9788435895381106,3.55541806913095
c:\GP-WearablesAnalysis\examples\logresults.csv,lower,STSR,DTW,LLPU_P10,1.0372699565709604,50.02029729576986
c:\GP-WearablesAnalysis\examples\logresults.csv,lower,STSR,DTW,LLPU_P10,1.0082371173467815,51.86941614488974
c:\GP-WearablesAnalysis\examples\logresults.csv,lower,STSR,DTW,LLPU_P10,0.979264318266281,53.07866133131236
c:\GP-WearablesAnalysis\examples\logresults.csv,lower,STSR,MDP,LLPU_P10,1.0372699565709604,4.228664577098544
c:\GP-WearablesAnalysis\examples\logresults.csv,lower,STSR,MDP,LLPU_P10,1.0082371173467815,4.635751447512782
c:\GP-WearablesAnalysis\examples\logresults.csv,lower,STSR,MDP,LLPU_P10,0.979264318266281,4.386757663496383
c:\GP-WearablesAnalysis\examples\logresults.csv,pelvis,STSR,DTW,LLPU_P12,0.9518729239505594,15.557790176132869
c:\GP-WearablesAnalysis\examples\logresults.csv,pelvis,STSR,DTW,LLPU_P12,0.9238203950560704,15.845231302198375
c:\GP-WearablesAnalysis\examples\logresults.csv,pelvis,STSR,DTW,LLPU_P12,0.8961868633694416,15.697122184941673
c:\GP-WearablesAnalysis\examples\logresults.csv,pelvis,STSR,MDP,LLPU_P12,0.9518729239505594,1.2218731569247376
c:\GP-WearablesAnalysis\examples\logresults.csv,pelvis,STSR,MDP,LLPU_P12,0.9238203950560704,1.2974094419684505
c:\GP-WearablesAnalysis\examples\logresults.csv,pelvis,STSR,MDP,LLPU_P12,0.8961868633694416,1.3664401653757152
c:\GP-WearablesAnalysis\examples\logresults.csv,upper,STSR,DTW,LLPU_P12,0.9515210243836577,30.02393613589289
c:\GP-WearablesAnalysis\examples\logresults.csv,upper,STSR,DTW,LLPU_P12,0.9231340727264478,31.714986625162304
c:\GP-WearablesAnalysis\examples\logresults.csv,upper,STSR,DTW,LLPU_P12,0.8970395280184716,31.42997735788159
c:\GP-WearablesAnalysis\examples\logresults.csv,upper,STSR,MDP,LLPU_P12,0.9515210243836577,2.5325664037280804
c:\GP-WearablesAnalysis\examples\logresults.csv,upper,STSR,MDP,LLPU_P12,0.9231340727264478,2.8121403422352493
c:\GP-WearablesAnalysis\examples\logresults.csv,upper,STSR,MDP,LLPU_P12,0.8970395280184716,2.6723475240373733
c:\GP-WearablesAnalysis\examples\logresults.csv,lower,STSR,DTW,LLPU_P12,0.95209371661034,49.05146702078257
c:\GP-WearablesAnalysis\examples\logresults.csv,lower,STSR,DTW,LLPU_P12,0.9227220125856008,49.31892478706477
c:\GP-WearablesAnalysis\examples\logresults.csv,lower,STSR,DTW,LLPU_P12,0.8978249850633203,49.59542942933827
c:\GP-WearablesAnalysis\examples\logresults.csv,lower,STSR,MDP,LLPU_P12,0.95209371661034,5.237505712933341
c:\GP-WearablesAnalysis\examples\logresults.csv,lower,STSR,MDP,LLPU_P12,0.9227220125856008,5.1589252689262945
c:\GP-WearablesAnalysis\examples\logresults.csv,lower,STSR,MDP,LLPU_P12,0.8978249850633203,4.847853756170336
c:\GP-WearablesAnalysis\examples\logresults.csv,pelvis,STSR,DTW,LLPU_P14,1.054218837622408,14.949519874884881
c:\GP-WearablesAnalysis\examples\logresults.csv,pelvis,STSR,DTW,LLPU_P14,1.0247255986788375,14.126076309827363
c:\GP-WearablesAnalysis\examples\logresults.csv,pelvis,STSR,DTW,LLPU_P14,0.9942494963395689,14.634769912579156
c:\GP-WearablesAnalysis\examples\logresults.csv,pelvis,STSR,MDP,LLPU_P14,1.054218837622408,1.3536551100312306
c:\GP-WearablesAnalysis\examples\logresults.csv,pelvis,STSR,MDP,LLPU_P14,1.0247255986788375,1.1914448886212716
c:\GP-WearablesAnalysis\examples\logresults.csv,pelvis,STSR,MDP,LLPU_P14,0.9942494963395689,1.24237571429561
c:\GP-WearablesAnalysis\examples\logresults.csv,upper,STSR,DTW,LLPU_P14,1.0542454885354846,59.82727831937002
c:\GP-WearablesAnalysis\examples\logresults.csv,upper,STSR,DTW,LLPU_P14,1.0265274753511668,60.59828552365913
c:\GP-WearablesAnalysis\examples\logresults.csv,upper,STSR,DTW,LLPU_P14,0.99519709103512,57.897006633357215
c:\GP-WearablesAnalysis\examples\logresults.csv,upper,STSR,MDP,LLPU_P14,1.0542454885354846,5.896287133884016
c:\GP-WearablesAnalysis\examples\logresults.csv,upper,STSR,MDP,LLPU_P14,1.0265274753511668,5.533766113182586
c:\GP-WearablesAnalysis\examples\logresults.csv,upper,STSR,MDP,LLPU_P14,0.99519709103512,5.281951576013683
c:\GP-WearablesAnalysis\examples\logresults.csv,lower,STSR,DTW,LLPU_P14,1.0547928972347254,34.72352347596214
c:\GP-WearablesAnalysis\examples\logresults.csv,lower,STSR,DTW,LLPU_P14,1.0252289379509838,34.32021885861171
c:\GP-WearablesAnalysis\examples\logresults.csv,lower,STSR,DTW,LLPU_P14,0.9942636387700494,35.59960383388717
c:\GP-WearablesAnalysis\examples\logresults.csv,lower,STSR,MDP,LLPU_P14,1.0547928972347254,3.678394349737132
c:\GP-WearablesAnalysis\examples\logresults.csv,lower,STSR,MDP,LLPU_P14,1.0252289379509838,3.1665397833708577
c:\GP-WearablesAnalysis\examples\logresults.csv,lower,STSR,MDP,LLPU_P14,0.9942636387700494,3.074955624816529
c:\GP-WearablesAnalysis\examples\logresults.csv,pelvis,STSR,DTW,LLPU_P15,0.9296863810740124,15.709087963202904
c:\GP-WearablesAnalysis\examples\logresults.csv,pelvis,STSR,DTW,LLPU_P15,0.9539106698609601,15.804710585326317
c:\GP-WearablesAnalysis\examples\logresults.csv,pelvis,STSR,DTW,LLPU_P15,0.982014483636997,15.385020368897283
c:\GP-WearablesAnalysis\examples\logresults.csv,pelvis,STSR,DTW,LLPU_P15,1.0096633340780994,15.217156935350062
c:\GP-WearablesAnalysis\examples\logresults.csv,pelvis,STSR,MDP,LLPU_P15,0.9296863810740124,1.5741707096455206
c:\GP-WearablesAnalysis\examples\logresults.csv,pelvis,STSR,MDP,LLPU_P15,0.9539106698609601,1.4389376708884911
c:\GP-WearablesAnalysis\examples\logresults.csv,pelvis,STSR,MDP,LLPU_P15,0.982014483636997,1.4810799055377704
c:\GP-WearablesAnalysis\examples\logresults.csv,pelvis,STSR,MDP,LLPU_P15,1.0096633340780994,1.3146820655603344
c:\GP-WearablesAnalysis\examples\logresults.csv,upper,STSR,DTW,LLPU_P15,0.9315226101560817,41.81393867847115
c:\GP-WearablesAnalysis\examples\logresults.csv,upper,STSR,DTW,LLPU_P15,0.9559412724829945,41.54745365622677
c:\GP-WearablesAnalysis\examples\logresults.csv,upper,STSR,DTW,LLPU_P15,0.9839362547433419,40.95255428227275
c:\GP-WearablesAnalysis\examples\logresults.csv,upper,STSR,DTW,LLPU_P15,1.011802142343558,40.3816281372583
c:\GP-WearablesAnalysis\examples\logresults.csv,upper,STSR,MDP,LLPU_P15,0.9315226101560817,4.770116544640769
c:\GP-WearablesAnalysis\examples\logresults.csv,upper,STSR,MDP,LLPU_P15,0.9559412724829945,4.850887347022626
c:\GP-WearablesAnalysis\examples\logresults.csv,upper,STSR,MDP,LLPU_P15,0.9839362547433419,4.214226769854204
c:\GP-WearablesAnalysis\examples\logresults.csv,upper,STSR,MDP,LLPU_P15,1.011802142343558,4.0541519575424845
c:\GP-WearablesAnalysis\examples\logresults.csv,lower,STSR,DTW,LLPU_P15,0.9287719401279457,62.12262499523025
c:\GP-WearablesAnalysis\examples\logresults.csv,lower,STSR,DTW,LLPU_P15,0.954709657649689,62.857729453861936
c:\GP-WearablesAnalysis\examples\logresults.csv,lower,STSR,DTW,LLPU_P15,0.9808467980144906,60.594550438497194
c:\GP-WearablesAnalysis\examples\logresults.csv,lower,STSR,DTW,LLPU_P15,1.008673290321137,60.96911305952154
c:\GP-WearablesAnalysis\examples\logresults.csv,lower,STSR,MDP,LLPU_P15,0.9287719401279457,5.539214397831882
c:\GP-WearablesAnalysis\examples\logresults.csv,lower,STSR,MDP,LLPU_P15,0.954709657649689,7.077551160871237
c:\GP-WearablesAnalysis\examples\logresults.csv,lower,STSR,MDP,LLPU_P15,0.9808467980144906,5.888400204027623
c:\GP-WearablesAnalysis\examples\logresults.csv,lower,STSR,MDP,LLPU_P15,1.008673290321137,5.579883190870038
